0,158,193,191,254,194,219,249,129,276,180,290,195,198
1,158,193,191,254,190,219,249,129,273,180,293,195,195
2,158,193,191,254,182,219,249,129,276,180,293,195,198
3,158,193,191,254,190,219,249,129,273,180,290,195,198
4,158,193,191,254,194,219,249,129,273,180,293,195,195
5,158,193,191,254,190,219,251,129,273,180,293,195,195
6,158,193,191,254,190,219,247,129,273,180,293,195,195
7,158,193,191,254,190,219,249,129,276,180,290,195,195
8,158,193,191,254,190,219,263,129,273,180,293,195,195
9,158,193,191,251,186,0,261,129,270,180,293,195,195
10,156,193,191,254,182,219,0,129,276,180,293,195,198
11,158,193,191,254,184,0,249,129,276,180,290,195,198
12,158,193,191,254,194,219,0,129,273,180,293,195,198
13,158,193,191,254,182,219,0,129,255,180,293,195,198
14,158,193,191,256,192,0,249,129,276,180,293,195,195
15,158,193,0,251,186,0,251,129,268,180,293,195,195
16,158,193,191,254,194,219,0,129,255,180,0,195,198
17,158,193,191,254,190,0,0,129,273,180,293,195,198
18,158,193,0,256,190,0,249,129,0,180,293,195,195
19,158,193,0,0,192,0,249,129,0,180,290,195,0
20,164,193,0,254,190,219,0,129,0,184,0,195,0
